Date,Name,Year,Letterboxd URI
2023-02-18,Dancing In The Dark,1995,https://boxd.it/3YC
2023-02-18,Clean,2021,https://boxd.it/pKXC
2023-02-18,Irrational Man,2015,https://boxd.it/8JOq
2023-02-18,Before Sunrise,1995,https://boxd.it/2bcU
2023-02-18,Claire's Knee,1970,https://boxd.it/26aO
2023-02-18,Eternity and a Day,1998,https://boxd.it/1wSq
2023-02-18,Naked,1993,https://boxd.it/1BT4
2023-02-18,Before Sunset,2004,https://boxd.it/2bcg
2023-02-18,Into the Wild,2007,https://boxd.it/22m2
2023-02-18,My Dinner with Andre,1981,https://boxd.it/1vLe
2023-02-18,Fallen Angels,1995,https://boxd.it/1UkW
2023-02-19,#Alive,2020,https://boxd.it/mJl2
2023-02-19,Mutant Action,1993,https://boxd.it/1vLy
2023-02-19,The Corpse of Anna Fritz,2015,https://boxd.it/avNi
2023-02-20,Fireworks,1997,https://boxd.it/22mQ
2023-02-20,"His Motorbike, Her Island",1986,https://boxd.it/9uk8
2023-02-20,Mary and Max,2009,https://boxd.it/1y2m
2023-02-21,The Dark Crystal,1982,https://boxd.it/1Tm8
2023-02-21,Hackers,1995,https://boxd.it/1WhU
2023-02-21,In the Mood for Love,2000,https://boxd.it/29tE
2023-02-21,The Grandmaster,2013,https://boxd.it/QU0
2023-02-21,The Usual Suspects,1995,https://boxd.it/29XE
2023-02-21,The Hunt,2012,https://boxd.it/3wEC
2023-02-21,Tokyo Story,1953,https://boxd.it/1HuY
2023-02-21,Alucarda,1977,https://boxd.it/12xs
2023-02-21,Trash Humpers,2009,https://boxd.it/Mki
2023-02-21,Suicide Club,2001,https://boxd.it/1RkY
2023-02-21,Pulse,2001,https://boxd.it/1s3y
2023-02-21,Sgt. Kabukiman N.Y.P.D.,1990,https://boxd.it/1quM
2023-02-21,Onibaba,1964,https://boxd.it/252a
2023-02-21,Kuroneko,1968,https://boxd.it/12mE
2023-02-21,Power/Rangers,2015,https://boxd.it/aFgo
2023-02-21,The Forever Purge,2021,https://boxd.it/mdzc
2023-02-21,The Devil's Rejects,2005,https://boxd.it/28hC
2023-02-21,3 from Hell,2019,https://boxd.it/hBCO
2023-02-21,Golden Boy,1995,https://boxd.it/1oZe
2023-02-21,Paranoia Agent,2004,https://boxd.it/lPy0
2023-02-21,The Girl with the Dragon Tattoo,2009,https://boxd.it/1Mb8
2023-02-21,The Girl Who Played with Fire,2009,https://boxd.it/1y0K
2023-02-21,The Girl Who Kicked the Hornet's Nest,2009,https://boxd.it/1f9S
2023-02-21,Abraham Lincoln: Vampire Hunter,2012,https://boxd.it/2oG4
2023-02-21,The Silent Partner,1978,https://boxd.it/1vZq
2023-02-21,Biutiful,2010,https://boxd.it/OiI
2023-02-21,Resident Evil: The Final Chapter,2016,https://boxd.it/5lqS
2023-02-22,Art of the Devil,2004,https://boxd.it/12pI
2023-02-22,Daimajin,1966,https://boxd.it/1oXM
2023-02-22,2046,2004,https://boxd.it/29tu
2023-02-22,The Driller Killer,1979,https://boxd.it/1PV4
2023-02-22,Brothers,2009,https://boxd.it/20WW
2023-02-22,Kwaidan,1964,https://boxd.it/1kbY
2023-02-22,The Crucified Lovers,1954,https://boxd.it/1bMw
2023-02-22,Mephisto,1981,https://boxd.it/1SN8
2023-02-22,Sanjuro,1962,https://boxd.it/1TaQ
2023-02-22,He Who Gets Slapped,1924,https://boxd.it/1rDg
2023-02-22,Giovanni's Island,2014,https://boxd.it/72Qc
2023-02-22,Starship Troopers,1997,https://boxd.it/2a7k
2023-02-22,Guillermo del Toro's Pinocchio,2022,https://boxd.it/kjMW
2023-02-25,Coyote Ugly,2000,https://boxd.it/21PW
2023-02-25,Top Gun: Maverick,2022,https://boxd.it/cjr4
2023-02-26,The Signal,2007,https://boxd.it/1QWi
2023-02-26,The Night House,2020,https://boxd.it/jZze
2023-02-27,Talk to Her,2002,https://boxd.it/2beG
2023-02-27,The Piano Teacher,2001,https://boxd.it/2886
2023-02-27,Ikiru,1952,https://boxd.it/251c
2023-02-27,The End of the Tour,2015,https://boxd.it/7jIE
2023-02-28,Rain Man,1988,https://boxd.it/2avw
2023-03-01,Dr. Strangelove or: How I Learned to Stop Worrying and Love the Bomb,1964,https://boxd.it/29eY
2023-03-01,Room,2015,https://boxd.it/7T0y
2023-03-01,Maquia: When the Promised Flower Blooms,2018,https://boxd.it/h6bM
2023-03-04,Titane,2021,https://boxd.it/nlQC
2023-03-07,Grotesque,2009,https://boxd.it/1s76
2023-03-07,Gonjiam: Haunted Asylum,2018,https://boxd.it/ioyw
2023-03-07,The Sadness,2021,https://boxd.it/tcHe
2023-03-07,Jacob's Ladder,1990,https://boxd.it/270g
2023-03-07,Requiem,2006,https://boxd.it/2adC
2023-03-07,Super Dark Times,2017,https://boxd.it/dTle
2023-03-11,Young Guns,1988,https://boxd.it/1SEq
2023-03-11,Black Panther: Wakanda Forever,2022,https://boxd.it/igPu
2023-03-14,Mulholland Drive,2001,https://boxd.it/297o
2023-03-14,Over the Garden Wall,2014,https://boxd.it/eqFw
2023-03-14,Cargo,2017,https://boxd.it/f55Y
2023-03-14,After the Wedding,2006,https://boxd.it/25eg
2023-03-15,Eterna,2022,https://boxd.it/DJhe
2023-03-15,Malviviendo: El Documental,2018,https://boxd.it/kFLm
2023-03-15,Vanilla Sky,2001,https://boxd.it/27TK
2023-03-15,Empire of the Sun,1987,https://boxd.it/1X4i
2023-03-16,The Founding of a Republic,2009,https://boxd.it/1vrS
2023-03-16,15 Ways to Kill Your Neighbour,2022,https://boxd.it/oyCq
2023-03-16,"Argentina, 1985",2022,https://boxd.it/qLxM
2023-03-16,Everything Everywhere All at Once,2022,https://boxd.it/jUk4
2023-03-16,Barbarian,2022,https://boxd.it/yohi
2023-03-16,Piggy,2022,https://boxd.it/w05y
2023-03-16,Decision to Leave,2022,https://boxd.it/qp9e
2023-03-16,Triangle of Sadness,2022,https://boxd.it/hXlq
2023-03-16,Ninja Scroll,1993,https://boxd.it/1Ooe
2023-03-16,Your Lie in April,2014,https://boxd.it/px2S
2023-03-16,Until the End of the World,1991,https://boxd.it/1WuY
2023-03-16,Little Miss Sunshine,2006,https://boxd.it/29EW
2023-03-17,Enter the Void,2009,https://boxd.it/1dy2
2023-03-17,Endless Love,2014,https://boxd.it/6Hs4
2023-03-17,The Cabinet of Dr. Caligari,1920,https://boxd.it/2aOo
2023-03-17,The Man Who Laughs,1928,https://boxd.it/1rCi
2023-03-17,Lost Horizon,1937,https://boxd.it/257Y
2023-03-17,Grand Illusion,1937,https://boxd.it/29Ei
2023-03-17,Only Angels Have Wings,1939,https://boxd.it/Ttw
2023-03-17,The Rules of the Game,1939,https://boxd.it/29Es
2023-03-17,The Philadelphia Story,1940,https://boxd.it/29a8
2023-03-17,The Maltese Falcon,1941,https://boxd.it/29c4
2023-03-17,Casablanca,1942,https://boxd.it/2aG0
2023-03-17,Shadow of a Doubt,1943,https://boxd.it/1BtA
2023-03-17,Spellbound,1945,https://boxd.it/24Ji
2023-03-17,Paisan,1946,https://boxd.it/20ay
2023-03-17,My Darling Clementine,1946,https://boxd.it/25LE
2023-03-17,The Big Sleep,1946,https://boxd.it/29iQ
2023-03-17,Rope,1948,https://boxd.it/28yo
2023-03-17,The Young and the Damned,1950,https://boxd.it/29AA
2023-03-17,The Treasure of the Sierra Madre,1948,https://boxd.it/25Lk
2023-03-17,Singin' in the Rain,1952,https://boxd.it/29oY
2023-03-17,Ugetsu,1953,https://boxd.it/1NyM
2023-03-17,Black Christmas,1974,https://boxd.it/1Js6
2023-03-17,Dial M for Murder,1954,https://boxd.it/2adW
2023-03-17,Ordet,1955,https://boxd.it/Jiy
2023-03-17,Pather Panchali,1955,https://boxd.it/22yC
2023-03-17,Throne of Blood,1957,https://boxd.it/251w
2023-03-17,Ashes and Diamonds,1958,https://boxd.it/23q0
2023-03-17,The Tale of the White Serpent,1958,https://boxd.it/ec
2023-03-17,Apur Sansar,1959,https://boxd.it/29l6
2023-03-17,Kingdom of Heaven,2005,https://boxd.it/28Gs
2023-03-17,North by Northwest,1959,https://boxd.it/2aRM
2023-03-17,Breathless,1960,https://boxd.it/2aIK
2023-03-17,The Brain That Wouldn't Die,1962,https://boxd.it/1fqO
2023-03-17,What Ever Happened to Baby Jane?,1962,https://boxd.it/1WJE
2023-03-17,8½,1963,https://boxd.it/2aqm
2023-03-17,The Great Escape,1963,https://boxd.it/22kA
2023-03-17,My Fair Lady,1964,https://boxd.it/1UBI
2023-03-17,Au Hasard Balthazar,1966,https://boxd.it/1E3g
2023-03-17,Persona,1966,https://boxd.it/29B4
2023-03-17,Bonnie and Clyde,1967,https://boxd.it/2ajg
2023-03-17,The Conversation,1974,https://boxd.it/2a38
2023-03-17,Mirror,1975,https://boxd.it/28Q8
2023-03-17,The Wiz,1978,https://boxd.it/1wG0
2023-03-17,Drunken Master,1978,https://boxd.it/1Ujk
2023-03-17,Raging Bull,1980,https://boxd.it/28yI
2023-03-17,Pixote,1980,https://boxd.it/XCs
2023-03-17,Monty Python's The Meaning of Life,1983,https://boxd.it/249E
2023-03-17,The Holy Innocents,1984,https://boxd.it/2CbE
2023-03-17,Au Revoir les Enfants,1987,https://boxd.it/288U
2023-03-17,Dead Ringers,1988,https://boxd.it/1Yqk
2023-03-17,An American Werewolf in London,1981,https://boxd.it/29yk
2023-03-17,WHAT DID JACK DO?,2017,https://boxd.it/jcWe
2023-03-18,Chungking Express,1994,https://boxd.it/1UDa
2023-03-19,Before Midnight,2013,https://boxd.it/4ive
2023-03-20,Pearl,2022,https://boxd.it/zPbe
2023-03-20,X,2022,https://boxd.it/sxVa
2023-03-21,Cha Cha Real Smooth,2022,https://boxd.it/uF8E
2023-03-21,Dark Waters,2019,https://boxd.it/kaYu
2023-03-21,Athena,2022,https://boxd.it/waii
2023-03-21,Primer,2004,https://boxd.it/6YA
2023-03-21,The Wizard of Lies,2017,https://boxd.it/cB7m
2023-03-21,Amsterdam,2022,https://boxd.it/oJ58
2023-03-21,Murder-Set-Pieces,2004,https://boxd.it/1ndo
2023-03-21,Midori,1992,https://boxd.it/2jvq
2023-03-22,Swallow,2019,https://boxd.it/lA0i
2023-03-23,La Dolce Vita,1960,https://boxd.it/2anC
2023-03-23,High-Rise,2015,https://boxd.it/7tmo
2023-03-24,Another,2012,https://boxd.it/pIi8
2023-03-24,Flowers of Evil,2013,https://boxd.it/q0mW
2023-03-24,Kino's Journey: The Beautiful World,2017,https://boxd.it/s0kK
2023-03-24,"Josee, the Tiger and the Fish",2020,https://boxd.it/oh1i
2023-03-24,Master Keaton,1998,https://boxd.it/tdK4
2023-03-24,Mushi-Shi: The Next Chapter - Drops of Bells,2015,https://boxd.it/a4jg
2023-03-26,The Tender Bar,2021,https://boxd.it/rgLq
2023-03-26,Shoplifters,2018,https://boxd.it/ifY6
2023-03-26,Ghost Hound,2007,https://boxd.it/skxE
2023-03-27,Children Who Chase Lost Voices,2011,https://boxd.it/2M6k
2023-03-27,The Place Promised in Our Early Days,2004,https://boxd.it/1R3I
2023-03-27,The Last Circus,2010,https://boxd.it/obw
2023-03-27,The Ballad of Narayama,1983,https://boxd.it/XI6
2023-03-27,30 Minutes or Less,2011,https://boxd.it/bRa
2023-03-28,Martin (Hache),1997,https://boxd.it/Uve
2023-03-29,I'm Too Old For This Sh*t: A Heavy Metal Fairytale,,https://boxd.it/u0rq
2023-03-31,Paddington,2014,https://boxd.it/3RKw
2023-03-31,Paddington 2,2017,https://boxd.it/bCF8
2023-04-02,The Banshees of Inisherin,2022,https://boxd.it/p7XS
2023-04-03,Sword of the Stranger,2007,https://boxd.it/1OZE
2023-04-03,The Boy and the Beast,2015,https://boxd.it/aaRe
2023-04-03,Redline,2009,https://boxd.it/2pQ0
2023-04-04,To Every You I've Loved Before,2022,https://boxd.it/x0rc
2023-04-04,"To Me, the One Who Loved You",2022,https://boxd.it/x0qI
2023-04-10,Manticore,2022,https://boxd.it/syL6
2023-04-11,The Doors,1991,https://boxd.it/1W18
2023-04-11,Sid & Nancy,1986,https://boxd.it/1N6e
2023-04-11,24 Hour Party People,2002,https://boxd.it/26nI
2023-04-11,Walk the Line,2005,https://boxd.it/2bdS
2023-04-11,Ms .45,1981,https://boxd.it/1AWG
2023-04-11,The House That Jack Built,2018,https://boxd.it/dWO4
2023-04-14,The Cleaning Lady,2018,https://boxd.it/jrwg
2023-04-14,The Cleaning Lady,2016,https://boxd.it/hTAQ
2023-04-15,Hope,2013,https://boxd.it/7x5Q
2023-04-15,Hope,1970,https://boxd.it/zP8
2023-04-17,Marquis,1989,https://boxd.it/1bpC
2023-04-17,Hard Target,1993,https://boxd.it/27Ck
2023-04-18,Aftersun,2022,https://boxd.it/Arw0
2023-04-18,Amélie,2001,https://boxd.it/2aUc
2023-04-19,The Code,2001,https://boxd.it/Qte
2023-04-19,The Medium,2021,https://boxd.it/s0oi
2023-04-19,Alone,2007,https://boxd.it/174K
2023-04-19,Lake Mungo,2008,https://boxd.it/1rWM
2023-04-19,Crimes of the Future,2022,https://boxd.it/uTuY
2023-04-21,Isi/Disi - Amor a lo bestia,2004,https://boxd.it/HZq
2023-04-21,Higurashi: When They Cry - Nekogoroshi-hen,2007,https://boxd.it/tDNo
2023-04-26,Fargo,1996,https://boxd.it/2aHM
2023-04-30,The Milky Way,1969,https://boxd.it/1cVk
2023-04-30,Tokyo Sonata,2008,https://boxd.it/1ZxQ
2023-04-30,Memories,1995,https://boxd.it/Vz2
2023-05-08,A History of Violence,2005,https://boxd.it/2bfa
2023-05-08,Before the Devil Knows You're Dead,2007,https://boxd.it/20Jy
2023-05-11,Point Break,1991,https://boxd.it/2958
2023-05-14,The Lords of Salem,2012,https://boxd.it/3yDm
2023-05-14,Clown Of The Dead,2015,https://boxd.it/bBL0
2023-05-14,Along with the Gods: The Two Worlds,2017,https://boxd.it/dVlA
2023-05-18,Only Lovers Left Alive,2013,https://boxd.it/4O1U
2023-05-18,Shin Godzilla,2016,https://boxd.it/a9lm
2023-06-03,Unhinged,2020,https://boxd.it/najM
2023-06-06,Bungee Jumping of Their Own,2001,https://boxd.it/2UCI
2023-06-09,The Armadillo's Prophecy,2018,https://boxd.it/jBfO
2023-06-10,White Men Can't Jump,1992,https://boxd.it/1WWy
2023-06-12,Closer,2004,https://boxd.it/270K
2023-06-16,Vampire Hunter D: Bloodlust,2000,https://boxd.it/1L3i
2023-06-16,Vampire Hunter D,1985,https://boxd.it/1YCg
2023-06-23,Canoa: A Shameful Memory,1976,https://boxd.it/3Thw
2023-07-22,Cronos,1992,https://boxd.it/1TjS
2023-08-07,Critical Role: The Legend of Vox Machina Animated Special,,https://boxd.it/lz6Y
2023-08-16,Just 1 Day,2021,https://boxd.it/ufqW
2023-08-22,Stand and Deliver,1988,https://boxd.it/1o5g
2023-08-27,Killing Cabos,2004,https://boxd.it/1ObE
2023-08-27,Leaving Las Vegas,1995,https://boxd.it/2amE
2023-08-29,All Quiet on the Western Front,2022,https://boxd.it/H08
2023-08-29,I Love My Dad,2022,https://boxd.it/x59C
2023-08-30,The Inland Sea,1991,https://boxd.it/cJru
2023-09-06,American Beauty,1999,https://boxd.it/71Y
2023-09-07,The Way Home,2002,https://boxd.it/1fQW
2023-09-09,The King of Comedy,1982,https://boxd.it/2aJS
2023-09-12,1917,2019,https://boxd.it/jj4y
2023-09-25,Zatoichi Meets the One-Armed Swordsman,1971,https://boxd.it/1xEk
2023-09-25,The Tale of Zatoichi,1962,https://boxd.it/1JMq
2023-09-25,House,1977,https://boxd.it/1vsm
2023-10-03,How to Lose Weight in 4 Easy Steps!,2016,https://boxd.it/dnY4
2023-10-09,Tin & Tina,2023,https://boxd.it/zBEm
2023-10-10,Dog,2001,https://boxd.it/44Jm
2023-10-10,Talk to Me,2022,https://boxd.it/C6uQ
2023-10-23,Promising Young Woman,2020,https://boxd.it/loRE
2023-11-04,Red State,2011,https://boxd.it/I9g
2023-11-04,Dance with the Devil,1997,https://boxd.it/1XFy
2023-11-19,The Straight Story,1999,https://boxd.it/2ass
